,Colorectal male,,,Colorectal female,,,Lung male,,,Lung female,,,Breast cancer female,,,Prostate male,
grid,Expected LE(years),LLE(years),,Expected LE (years),LLE (years),,Expected LE (years),LLE (years),,Expected LE (years),LLE (years),,Expected LE (years),LLE (years),,Expected LE (years),LLE (years)
1,20.39176121,4.370146318,,22.99542623,4.145171246,,20.48709895,11.88419252,,23.21140107,12.74107819,,23.12141881,2.848834854,,20.49019886,1.940908505
2,21.79158875,4.75615345,,24.09304697,3.975100165,,21.45826404,10.62866885,,24.13432181,11.43435469,,24.22166127,2.859989085,,22.0110053,2.182849588
3,20.49983316,4.424628279,,22.80266862,4.050664551,,20.69224458,11.86701222,,22.76155793,12.51791117,,22.79960651,2.6651841,,20.61176921,1.848703088
4,20.91747979,4.553278786,,22.96476429,3.975195631,,21.01907308,13.2961757,,23.08745406,13.25236458,,22.97026897,2.677648373,,20.97522753,2.012059069
5,20.33643517,4.143643471,,22.96895572,3.904293851,,20.31228233,9.947124586,,23.14809829,11.20924611,,23.02512264,2.73600769,,20.73461949,1.611561104
6,20.26031526,4.287256177,,22.75603964,4.034860598,,20.21443428,10.50617027,,22.76031178,11.06562501,,23.05269166,2.660189984,,20.40159749,1.840492412
7,20.29293742,4.402428841,,23.27732762,4.24170341,,20.45556772,11.86097858,,23.46558041,13.13933786,,23.29332279,2.875499873,,20.3606208,2.122106428
8,20.58263389,4.35113042,,23.40912707,4.026347909,,20.47094757,10.58836813,,23.57835348,11.86236021,,23.68652598,2.858905876,,20.61760625,1.865217045
9,22.26481447,5.018609996,,24.17058219,4.40633701,,22.22498089,12.50590787,,24.01455811,12.56842043,,24.20154784,3.182036939,,22.46257655,2.915005474
10,21.4979529,4.566900263,,23.52694238,4.021789755,,21.60274386,11.5302347,,23.48945297,11.00368899,,23.56831162,2.862707845,,21.85622031,2.233891545
11,20.74999664,4.530786887,,23.23935068,4.013124412,,20.67779028,10.91459021,,23.27029643,12.75542229,,23.29286208,2.885817613,,20.89423978,2.103467083
12,21.84185654,4.921150734,,23.93488917,4.145910822,,21.96982057,13.13196578,,23.89343843,12.89477678,,24.01685896,3.127973189,,21.90983894,2.786985456
13,21.85066101,4.926869375,,24.37012807,4.415427677,,22.11061033,14.13208564,,24.58055545,15.15499267,,24.5430894,3.308160461,,21.94832868,2.638829495
14,19.0627722,3.609536438,,21.62301396,3.045141553,,19.0627722,8.096594472,,21.62301396,8.150336547,,21.62301396,2.409902593,,19.11662455,1.041795262
15,22.16174664,4.909884049,,24.72395917,4.054075481,,21.90672163,11.40520412,,24.90317244,12.30215989,,24.78989975,3.197065415,,22.58083156,2.466806405
16,21.03665804,4.642480004,,23.13506893,3.633939432,,21.02589102,11.67772705,,23.32168487,11.56830372,,23.40626468,2.93385231,,21.25208607,1.949291288
17,20.12314255,4.059028078,,23.17952543,3.480432311,,20.11905315,9.665916929,,23.21586567,10.34011229,,23.31395011,2.671012031,,20.25726397,1.4787967
18,21.10743353,4.472600164,,23.54657347,3.715999225,,21.43007357,12.23255955,,23.63344886,11.38341779,,23.61619906,2.84365808,,21.38902276,1.864667372
19,22.41229359,4.751303375,,25.72005029,4.246957898,,22.4080961,11.01265805,,25.54665809,10.95092673,,25.81945255,3.306068771,,22.75779294,2.322727068
20,20.56153482,4.43530846,,22.81751521,3.509604716,,20.56561309,11.71396155,,22.92897756,11.29099177,,22.99242976,2.804665298,,20.72178863,1.869623706
21,20.81991383,4.568571926,,23.02965713,3.666729433,,20.93071628,13.0375011,,23.16123684,11.9371831,,23.09198587,2.878566873,,20.91130393,1.841527346
22,20.49373062,4.345559795,,22.86503685,3.835432312,,20.49218163,10.35753772,,22.97093602,10.20587928,,23.04397568,2.582184701,,20.66411947,1.525314978
23,22.23172821,4.813435511,,25.60708882,4.514035387,,22.04086265,10.27044829,,25.39938527,10.7539363,,25.60211356,3.167160632,,22.58434339,2.103422315
24,21.26526061,4.585751912,,24.19045065,4.268090875,,21.22909005,10.79705131,,24.05835413,10.52464417,,24.28634756,3.079095028,,21.37770892,1.756327099
25,22.52880204,5.052555026,,25.27821799,4.199650032,,22.43890602,12.04130462,,25.27280635,12.15628793,,25.38918466,2.968477047,,22.6820134,2.366262111
26,23.03586797,5.022396091,,26.76077526,4.585181627,,22.97759287,11.76780726,,26.52494343,11.43238376,,27.05664255,3.432213728,,23.49020142,2.475872528
27,20.99513238,4.588074355,,23.87633904,3.964838357,,20.93250494,10.95591577,,23.89315647,11.34460142,,24.02225881,2.834523815,,21.00568129,1.662389158
28,20.69405736,4.327253263,,24.190168,3.954021232,,20.88341892,11.59915101,,24.31000327,12.02945616,,24.38249845,2.884279602,,20.834211,1.518417519
29,20.89917944,4.435275868,,24.70232284,4.058362629,,20.77120225,9.643008516,,24.64904792,11.03643568,,24.92765721,2.907280009,,20.92491219,1.530417512
30,20.39777696,4.267789355,,24.07062033,3.814793505,,20.40363802,10.00543021,,23.94533764,9.547159377,,24.41441023,2.99391809,,20.48492987,1.55141083
31,20.15432036,4.226708827,,23.53583514,3.770961274,,20.21962902,11.03997763,,23.58271453,10.73777856,,23.82356887,2.674329978,,20.20783771,1.68083033
32,22.16348822,4.839802044,,27.45706686,4.663832135,,22.54656801,12.0342577,,27.64813891,14.14744768,,27.75821261,3.657251811,,22.72456868,2.460627043
33,23.08937504,5.213127946,,27.37803511,4.684636325,,22.77146901,11.85740373,,27.15289183,13.00369068,,27.57577133,3.588024392,,23.1732309,2.545718901
34,19.73321985,4.096173563,,22.59504853,3.608488405,,19.64850958,9.822628584,,22.70166713,10.38601145,,22.76437282,2.518758264,,19.75581188,1.427952235
35,18.95677223,3.936030806,,21.92667887,3.50795346,,18.89974721,9.922876559,,21.90282021,9.905679585,,22.04978141,2.353986411,,19.10047709,1.193124713
36,21.37082988,4.287434541,,23.51876847,3.585443677,,21.50758641,10.09355307,,23.51876847,8.949819828,,23.53168269,2.508330632,,21.48178475,1.4461856
37,22.27530667,4.555933763,,24.55644934,3.826085738,,22.26861413,9.966693874,,24.57849175,9.410542086,,24.59028165,2.707344418,,22.54434591,1.687796462
38,21.168118,4.479433428,,23.53741971,3.770636973,,21.16196796,11.35393938,,23.5316431,10.54431891,,23.61379248,2.60070459,,21.55467357,1.948976677
39,18.65672356,3.84385662,,21.82970654,3.39635475,,18.74728254,9.923433047,,21.92708684,10.14775498,,22.07276625,2.401042969,,18.73194276,1.204657302
40,22.17916513,4.898820842,,25.41884187,4.498844988,,22.30271051,13.01161844,,25.32513067,11.96221767,,25.41387797,2.974122101,,22.51619032,2.417582768
41,19.1251255,4.12682937,,21.83298006,3.777016598,,19.13855628,10.71160967,,21.7853441,10.51852628,,21.87946141,2.305896711,,19.08877933,1.362793883
42,19.34658393,4.135636234,,22.15587664,3.850022327,,19.38522216,10.23991282,,22.10657591,9.556948098,,22.44891913,2.481734873,,19.56996443,1.312312068
43,18.71309016,3.747245513,,21.82680488,3.504963552,,18.81673181,9.416938559,,21.86296554,9.567678839,,21.88377763,2.301936328,,18.95863783,1.07776309
44,19.2691221,4.028561117,,22.46877267,3.818366798,,19.66112854,11.35725455,,22.35196142,10.44227719,,22.47204211,2.541256284,,19.55544495,1.326012647
45,20.56077642,4.456444687,,23.19671574,3.888801934,,20.58300131,11.14784093,,23.33020837,11.6571304,,23.50966189,2.712075153,,20.58604832,1.530591877
46,20.43435565,4.453106181,,23.4536912,3.977108429,,20.49882531,11.31498078,,23.58194984,11.54818924,,23.54823475,2.814002445,,20.4685378,1.460761886
47,20.69317332,4.509873934,,23.41464728,3.701435357,,20.69954131,11.06042353,,23.43898744,11.14779725,,23.5424005,2.74910682,,21.05811423,1.992538556
48,20.68409838,4.409351125,,23.37048173,3.521398582,,20.65145736,11.25887254,,23.40947169,10.77048989,,23.32278168,2.603230104,,20.67231448,1.705502356
49,21.77178893,4.808356733,,24.5415446,3.873130446,,21.62148412,11.98601575,,24.44413762,11.34939241,,24.57576052,2.997752378,,22.26420221,2.316407361
50,21.169607,4.562476478,,23.65049899,3.809871009,,21.05072154,11.07415736,,23.45556191,10.35038862,,23.70228351,2.801105182,,21.42729215,1.864994417
51,22.0505481,4.98415769,,24.15722274,3.992840768,,21.88933396,12.35111797,,24.32780351,13.21685715,,24.23952712,2.813364257,,22.17865688,2.227554788
52,20.96539653,4.518346628,,24.70706807,4.152177499,,21.28103418,12.83734335,,24.61511162,12.18301278,,24.98714172,3.049876228,,21.45055204,2.211512023
53,21.05842799,4.765864586,,23.84269011,3.833335451,,20.91235093,11.71608516,,24.01713306,12.84293587,,23.97213242,2.817543432,,21.12877207,2.120127628
54,20.38091362,4.273040978,,22.55735381,3.562229168,,20.7190184,11.15560564,,22.61218702,10.10495747,,22.78136226,2.565049996,,20.81907146,1.724878252
55,20.53262854,4.459465759,,23.58417887,3.742272688,,20.65243019,11.45745626,,23.57676916,11.60266295,,23.55597534,2.696871513,,20.83228717,1.818713749
56,20.50004425,4.344186832,,23.76533582,3.816140007,,20.94996355,11.94817741,,23.7485448,11.72162998,,23.95574027,2.898545111,,21.09882228,1.975151733
57,20.17055119,4.193342024,,23.38971982,3.67012523,,20.24274513,10.8607375,,23.40002201,10.97219862,,23.5419803,2.762688073,,20.36010625,1.677426135
58,20.55144247,4.287572808,,23.3712142,3.709268737,,20.85902131,11.07412213,,23.42952217,11.07648099,,23.46074473,2.660993107,,21.09408473,1.814491627
59,20.47038686,4.358305707,,23.53623984,3.944880342,,20.35258938,10.73669006,,23.47830711,11.82417877,,23.45894962,2.693589819,,20.8049914,1.946494617
60,22.41521226,4.983637958,,23.88276127,4.001888308,,22.56311647,13.2532536,,24.00035648,12.61313057,,24.06436284,2.766443287,,22.78160054,2.515596988
61,21.37909314,4.490306704,,23.85986114,3.867004333,,21.47064018,10.8079982,,23.96980804,12.0188581,,23.93404976,2.856206703,,21.78546708,1.954696839
62,21.92392781,4.852876463,,24.34518479,4.021898009,,21.68892345,11.62993008,,24.26952992,11.79915947,,24.42818796,2.983563944,,22.17046385,2.193122438
63,21.31278431,4.714747254,,24.06399803,3.874362806,,21.43387975,12.9065803,,24.16698324,13.1853036,,24.0823565,3.023356084,,21.382447,2.053197734
64,22.83571793,5.027984575,,24.53380413,4.060184809,,22.65413413,11.42912905,,24.63452884,11.5513484,,24.87222179,3.074819782,,23.23308012,2.552395699
65,21.11940553,4.522538926,,23.31651921,3.705324519,,21.11385206,11.57000295,,23.45930576,12.1966946,,23.42318181,2.780486618,,21.20430705,2.014900843
66,21.38085041,4.713395883,,23.50386617,3.796310371,,21.42751592,11.53537632,,23.47561056,11.65094201,,23.80232979,2.824406223,,21.50082266,1.824177336
67,21.21245041,4.444886978,,24.1066228,3.861016408,,21.34463527,10.91581414,,24.29337817,12.38318626,,24.20600405,2.939579568,,21.74565719,1.982898545
68,20.57354012,4.540760989,,23.71914448,3.797314904,,20.69295466,12.02033017,,23.93358694,12.49467609,,24.08941215,2.963852984,,20.87272981,1.971250411
69,22.69078293,4.953189393,,25.91716007,4.225706385,,22.77900317,11.84911482,,25.91115279,12.34513704,,26.01167759,3.29553719,,23.22098966,2.320117739
70,20.73888445,4.36894701,,24.08160101,3.857037585,,20.68997252,10.48176332,,24.00083603,11.25380456,,24.14702473,2.937093518,,21.07573309,1.972852039
71,20.38058236,4.347037512,,24.02490276,3.804211405,,20.48169397,11.30985538,,24.21907943,12.51632924,,24.44513555,2.911365504,,20.65088608,1.854670904
72,20.11898392,4.296682755,,21.71062885,3.662135763,,19.98766256,10.07223034,,21.78594794,11.24332913,,21.76982996,2.360093441,,20.1785406,1.540547771
73,20.12349089,4.347451773,,21.87954666,3.805415163,,20.05795296,11.30538159,,21.94469055,12.11862747,,22.04162931,2.431247032,,20.25837905,1.597169884
74,19.76816571,3.988105744,,21.74866147,3.5294423,,19.54029079,9.041616763,,21.78713161,9.802302736,,21.78991107,2.432588028,,20.09678015,1.437411496
75,19.39944991,4.071275595,,21.32519156,3.626575301,,19.36987576,10.40849464,,21.25368014,10.64157599,,21.397885,2.444855935,,19.57338895,1.380991694
76,20.63259091,4.49437505,,22.9369683,3.874179721,,20.88155723,12.42608482,,23.01502651,13.10852884,,22.94715781,2.678526935,,20.93278531,1.793167643
77,21.09678608,4.490442827,,23.13265364,3.946308703,,21.00061416,10.54537121,,22.78350883,10.28695031,,23.29503277,2.663494265,,21.6289872,1.922324886
78,21.73812969,4.785711715,,23.14741668,3.88952449,,21.94605273,13.10418495,,23.14107287,11.28875144,,23.33266624,2.625110057,,21.96190366,1.938994518
79,22.00356194,4.758285483,,23.56499198,3.881948639,,22.01301972,11.94914457,,23.69231463,12.00153874,,23.69801101,2.813780538,,22.35382316,2.151425873
80,21.30478662,4.795648625,,23.01167147,3.933047607,,21.39587605,12.941782,,23.0086139,12.90494864,,23.14229625,2.608399172,,21.34635018,1.915606021
81,21.31374875,4.523641125,,21.89698381,3.613652571,,21.11032564,10.6036898,,21.96028433,10.5209813,,22.1460948,2.496590016,,21.53885286,1.902051103
82,21.11959208,4.506164052,,21.91970181,3.637000583,,21.02946279,11.05761339,,21.92365455,9.982175391,,22.11144339,2.540629305,,21.38826627,1.774936927
83,24.6194794,5.627421908,,28.08423856,5.214654712,,24.61235389,13.28956786,,27.80415627,12.83239245,,28.31036674,4.19485839,,25.25757427,3.443011535
84,20.44321319,4.325698245,,21.5527891,3.545444216,,20.51163075,11.16652079,,21.55785488,10.78957999,,21.56090215,2.384132822,,20.99629933,1.726442891
85,23.69788187,5.20924314,,24.96679457,4.28747663,,23.51395384,11.85121083,,24.95134753,11.93885097,,25.24239295,3.16390176,,24.33364223,2.897507455
86,20.85419671,4.613851027,,22.93340104,4.131493567,,20.59629472,10.79940969,,22.93667355,12.04023404,,23.0668443,2.961766671,,21.03691793,1.971353535
87,21.69342462,4.676629262,,23.45730757,3.870222223,,21.55419687,10.82193137,,23.30860699,9.834399053,,23.7224875,2.595956239,,21.91805421,1.810151012
88,21.90249922,4.651724345,,24.03854022,3.712362652,,21.85806884,11.35337725,,23.88040789,10.39591461,,24.18965686,2.652364755,,22.25710754,1.873492399
89,22.67288991,4.782123506,,26.16402164,4.161053525,,22.76808994,11.09650022,,26.11259539,10.95207919,,26.30727734,3.075764964,,23.01072678,1.93910647
90,21.82368044,4.781237586,,23.96327673,3.848513876,,21.68172301,10.57033539,,23.83295887,11.02167194,,23.97187441,2.628347495,,22.02745255,1.651476897
91,21.89210319,4.645882484,,23.53295772,4.005337155,,21.9441937,10.92257244,,23.53224473,10.93516468,,23.65205577,2.770447628,,22.72901823,2.069305347
92,20.38849404,4.211917874,,23.56517305,3.879914678,,20.55530887,10.63048872,,23.49967728,11.11190972,,23.71213693,2.826333315,,20.74922624,1.75447361
93,19.98599615,4.161327288,,21.7778048,3.508022236,,20.02149009,9.961909085,,21.67387963,10.11753992,,21.75628942,2.378994561,,20.61597697,1.878243195
94,23.61152712,5.26679899,,28.30581916,4.776450992,,23.31335001,11.37275326,,28.25944014,13.10276237,,28.61840248,3.642147324,,23.85334782,2.522716801
95,20.38893364,4.315566697,,22.43456127,3.590308021,,19.94777478,9.599781074,,22.40375515,10.47517453,,22.71492289,2.595432415,,20.51017659,1.816552767
96,23.9923317,5.260059047,,29.9282557,4.877695362,,23.72821215,11.01016272,,29.76582701,13.03733525,,30.16504974,3.849426074,,24.51851219,2.436258632
97,22.93132979,4.966011936,,29.44918927,4.942896252,,22.64439878,10.41548321,,29.22469477,12.84790941,,29.8575106,3.970367338,,23.32782903,2.13009503
98,22.01756281,4.714995347,,25.34419364,4.158483398,,21.98891826,11.69217967,,25.34865178,11.64436785,,25.23804013,2.8619376,,22.48575738,2.197219689
99,20.96165065,4.113361321,,22.52564393,3.505708117,,20.96165065,9.042119707,,22.52564393,8.773039503,,22.52564393,2.327675144,,20.96165065,1.127674618
100,21.1985371,4.543513041,,23.55907458,3.738478697,,21.32553404,11.45548352,,23.67691561,11.26712588,,23.61672698,2.581405571,,21.38517505,1.797513209
101,21.45638023,4.543340347,,24.2152066,3.860476043,,21.47218624,10.88201348,,24.19117649,10.91890869,,24.44338741,2.672417631,,21.73530301,2.091607604
103,21.28865275,4.595437957,,23.71393349,3.961353136,,21.44615967,12.35069451,,23.66309091,11.03358956,,23.68101539,2.530319472,,21.52387795,1.867917238
104,21.60575964,4.672724469,,23.57711839,3.959149959,,21.62431093,11.17719051,,23.52874612,10.36087116,,23.9243617,2.529223799,,21.9503677,1.955338329
105,21.51137388,4.549770553,,23.36245994,3.510117556,,21.40043605,10.56059364,,23.3220096,9.802440284,,23.7992024,2.484443205,,22.16461252,1.867680536
106,19.50404092,3.886589834,,23.72829116,3.642252241,,19.77537147,10.51659774,,23.46217008,8.928924389,,23.64168642,2.557285717,,20.05950909,1.22406892
107,22.40233419,4.942742728,,25.37824133,4.217668964,,22.46983615,12.22145421,,25.35440706,12.74029951,,25.57628716,3.222052271,,22.97503309,2.413890397
108,21.14619061,4.530650734,,23.34979458,3.727392041,,21.15976928,10.86954709,,23.10119285,10.30178508,,23.40070508,2.583335906,,21.90971013,2.201217363
109,19.54971241,4.163442557,,23.63428161,3.655537705,,19.60690147,11.13622001,,23.96046113,11.3391639,,24.00063393,2.647409258,,19.80353959,1.416797399
110,21.32148678,4.555719433,,22.8530575,3.534193551,,21.27104212,10.8526902,,22.86411634,9.958713119,,23.14344784,2.530715513,,21.68622129,1.946907111
111,20.99370237,4.395090657,,24.01212688,3.80877494,,20.72117041,10.62733575,,23.71058787,8.88689931,,24.23962881,2.617894266,,21.59280471,1.839326376
112,22.75916148,5.136369127,,25.72131017,4.332705171,,22.67203087,13.95938583,,25.8925734,14.16126164,,26.00969853,3.165714589,,23.0512165,2.585063895
113,20.33423367,4.192574671,,24.70285525,3.775371198,,20.27525724,9.496369775,,24.7217385,10.83289887,,25.03740371,3.018195347,,20.72898776,1.655989322
114,20.31923526,4.212087117,,24.68779756,3.718839242,,20.28061932,9.91695234,,24.75911925,11.49552107,,25.12876123,3.063774836,,21.00441358,1.874232048
115,20.78596325,4.358388671,,23.28323275,3.537760883,,20.97191202,10.44315919,,23.3209141,10.39208283,,23.52266263,2.628258339,,21.37964626,1.980335061
116,20.71535774,4.298295204,,24.96809068,3.775190841,,20.47267971,9.113141153,,24.97671413,10.82169675,,25.18291601,3.019540202,,21.07246503,1.69846673
117,20.37733326,4.329464522,,23.76662878,3.676666776,,20.53906138,10.96772578,,23.79069475,11.5114075,,23.74866548,2.795050894,,20.71859697,1.77575162
118,21.82865427,4.712014575,,26.09519742,4.107465142,,21.7792956,10.84990168,,26.17023648,12.60242933,,26.26965892,3.336511947,,22.34126225,2.27052444
119,21.31302894,4.413033974,,24.69350223,3.93489234,,21.18095541,9.598048378,,24.65015859,10.10322742,,24.62297427,2.736838302,,21.5288362,1.743464558
120,22.96892555,5.042024953,,29.27309531,5.051917,,22.64827255,11.26828812,,29.27871062,13.2598349,,29.567996,4.096715951,,23.71211826,2.992213154
121,23.59302339,5.26844081,,26.77427351,4.439867551,,23.58425633,12.3318303,,26.89624005,12.27153735,,26.89958053,3.236777966,,24.04311807,2.749000852
122,21.78737762,4.776420949,,24.62092964,4.15095539,,21.65753195,11.92200983,,24.58811393,11.3571573,,24.79717752,2.789641435,,21.91441136,2.201345175
123,20.56821036,4.183021536,,25.0014384,3.974589173,,20.46882143,9.359598498,,25.13940714,11.11048829,,25.1662495,2.935363639,,20.88519811,1.757442821
124,22.44315836,4.751695496,,25.71995519,4.198604377,,22.81445321,12.06187877,,25.75511381,11.88525259,,25.73955772,3.125609336,,23.28347508,2.340726047
125,22.71238961,4.920122771,,25.54598307,4.24823043,,22.66429222,11.20637215,,25.5260357,11.09001393,,25.7789885,3.001843567,,23.17234533,2.690651956
126,20.37543069,4.217256515,,25.21491584,4.007927126,,20.49032745,10.19654445,,25.30765578,10.759698,,25.61536786,2.978606487,,21.05033528,1.687854237
127,21.70238552,4.652741649,,26.98682558,4.394416105,,21.43754477,10.25189551,,26.86717497,11.33145941,,27.67172747,3.479438823,,22.34975932,2.151311793
128,19.22805262,3.880072804,,23.94809959,3.814491407,,19.04860776,9.499832713,,23.17340284,9.139340074,,23.73805999,2.556264091,,19.94970576,1.483493982
129,19.28373345,3.816336935,,23.73008334,3.639130956,,19.06402923,8.471225028,,23.87232138,9.680205344,,24.28101882,2.755519991,,19.75548152,1.37335746
130,19.97806748,4.10433468,,23.90127575,3.745389819,,20.11403052,10.45793368,,23.71224477,9.991540638,,24.17840469,2.734267191,,20.39145797,1.500743555
131,21.34142636,4.539038907,,24.79576935,4.237456498,,21.42936922,11.68774071,,24.58920989,10.78289526,,24.87651086,2.819767335,,21.79854789,2.177686639
132,22.43955304,4.990712466,,26.10663546,4.290754147,,22.15699048,11.6235526,,26.18679521,12.03261188,,26.451502,3.055829746,,22.58559179,2.329838986
133,21.20345666,4.364812774,,24.36583655,3.741938598,,21.26590147,9.957574912,,24.34749585,10.40828688,,24.36861463,2.45312517,,21.62209601,1.629396241
134,22.43866529,4.896827196,,25.89080433,4.146916981,,22.2368688,10.5920394,,25.78733507,11.31382541,,26.24373144,2.966006987,,22.70109289,2.292448159
135,22.64235352,5.008841078,,24.68798522,3.785079957,,22.41020751,10.84477829,,24.80604082,11.17921183,,25.12356873,2.820357955,,23.02040591,2.160032464
136,21.7546522,4.628589884,,24.83181302,3.871068111,,21.56299723,10.19528839,,24.95268547,11.3034479,,24.98650799,2.74881998,,22.07475801,1.813593351
137,21.85001401,4.731182683,,27.09235619,4.460711638,,21.80181174,11.14362352,,26.93008838,11.34731348,,27.22582676,3.193573404,,22.2202829,1.95445262
138,19.31399672,4.237192731,,21.03876987,4.014754324,,19.2678668,11.37588809,,21.00304614,11.09998165,,20.99935642,2.930059746,,19.63051435,1.828886086
139,20.02287362,4.565465335,,22.2953506,4.402048644,,20.07852623,13.03418479,,22.24336455,11.87863379,,22.63891289,3.249746939,,20.28775426,2.157543182
140,19.88733143,4.428191133,,21.6565124,4.104915205,,19.83955184,11.59825068,,21.619577,10.31918801,,21.7702132,3.033428972,,20.41106091,1.931435828
141,19.90693164,4.517324293,,22.47904952,4.490575672,,20.00423481,12.3025888,,22.30359881,11.55820986,,22.76044576,3.306425858,,20.4092972,2.33965722
142,20.27313408,4.740963384,,22.49438482,4.414265498,,20.32088103,12.95186654,,22.55516075,12.28107822,,22.67102434,3.196549414,,20.41249027,2.335548087
143,19.95066593,4.586776885,,22.1458923,4.278325872,,20.02749523,13.70380008,,22.18850651,12.06178583,,22.25665317,3.283454386,,20.15655483,1.967228129
144,20.13548375,4.539506621,,22.22639927,4.288957703,,19.98872402,11.40270607,,22.27531686,11.82058692,,22.56419735,3.305953489,,20.27431718,2.336645378
145,20.08774105,4.785812417,,22.03826017,4.469227601,,20.06980731,14.08086737,,22.04383079,12.26900246,,21.98311573,3.074820219,,20.30158508,2.351708013
146,19.30039549,4.434183907,,23.39260255,4.776908929,,19.35134238,12.5153797,,23.52791548,14.02503339,,23.48407468,3.743711509,,19.458421,2.088528225
147,19.98287868,4.624671494,,22.11332841,4.375495521,,20.05240154,12.98723726,,22.17595568,13.38579783,,22.31957379,3.281692261,,20.06709387,2.351662225
148,19.38175514,4.375963411,,21.90419367,4.480265564,,19.48255029,12.78041421,,21.81213979,11.75657373,,21.98643112,3.227695038,,19.54365531,2.118995434
149,19.31986491,4.418026503,,22.31145723,4.32324837,,19.42203723,12.16248059,,22.30435964,12.43535339,,22.43107366,3.356790076,,19.57584,1.989851437
151,19.49515777,4.385460706,,21.87679852,4.137488759,,19.55199966,12.1818943,,21.91769477,12.3994028,,21.87628853,3.246517913,,19.74560411,1.81887824
152,19.27598955,4.355557794,,21.87699574,4.226709134,,19.49949568,12.93263176,,21.9334763,12.17100685,,21.89260362,3.123107662,,19.62427926,1.904516414
153,19.68754546,4.519019206,,23.96058855,4.79849807,,19.60600489,12.10108556,,24.18063763,14.57963997,,24.2367275,3.769011869,,19.9582145,2.132469859
154,19.36033848,4.315709414,,23.04087916,4.683863119,,19.57227693,13.07696155,,23.05915741,13.38514644,,23.0039292,3.5133779,,19.64653049,2.217809835
155,18.80121436,4.106962038,,21.7441857,4.189527231,,18.89151521,12.13486087,,21.65155523,11.13065673,,21.73712996,3.085552641,,18.86966458,1.648819321
156,20.3301452,4.855426327,,22.34364444,4.358413038,,20.05383351,12.82659215,,22.55434301,13.41145842,,22.4505885,3.384091839,,20.48988651,2.319325006
157,18.93286864,4.183130466,,23.07518677,4.612769242,,18.98431316,11.59996308,,23.07821158,12.23222846,,23.35206976,3.491632645,,19.05877707,1.916040125
158,19.95140949,4.480726823,,23.37406868,4.85497947,,20.07731421,12.15877104,,23.50152244,13.1091531,,23.53717119,3.349541002,,20.12372152,2.14429472
159,20.06437837,4.717820285,,23.96633195,5.267646413,,20.24370769,14.11490853,,23.88430934,14.52475625,,24.11745246,3.42722705,,20.0978092,2.275663699
160,19.81287644,4.582128408,,23.22674837,5.001959885,,20.10977638,13.91946283,,23.21248321,14.27115122,,23.3047297,3.274930836,,20.00467353,2.075649761
161,20.42321521,4.890298786,,23.44347645,5.217148179,,20.75990051,15.2851291,,23.30085269,14.68314797,,23.61455643,3.163539815,,20.56190904,2.288364141
163,20.96358177,4.595871926,,23.04188346,4.523934217,,21.09925449,12.91380392,,23.08817523,12.18450637,,23.10997697,3.330671231,,21.0458553,2.127029777
164,20.34042167,4.695866934,,23.25952695,4.964409876,,20.54544933,13.90119121,,23.38743995,13.56326128,,23.63390529,3.735327993,,20.64857509,2.670513448
165,20.88064379,4.800755396,,23.4357278,4.894067743,,21.04887985,13.28035722,,23.15505007,12.36334059,,23.62531548,3.655966548,,21.34117303,2.70987634
166,20.90898416,4.988471492,,23.52274453,5.046291522,,20.81999124,13.54343614,,23.49625352,13.4603603,,23.65459344,3.46121797,,20.99127482,2.78032207
167,20.47259928,4.825630342,,23.15297222,4.977546163,,20.68345642,14.06169886,,23.10058942,13.33898288,,23.72484823,3.530265143,,20.66551029,2.302360801
168,19.96721041,4.465774633,,22.20888221,4.349906602,,20.32017554,13.16824728,,22.21515416,11.63648709,,22.60569601,3.303279967,,20.37902038,2.338813139
169,20.69993004,4.895645285,,23.62363112,5.045267804,,20.70848994,13.60299402,,23.53967936,14.08562215,,23.77709589,3.554890917,,20.75606,2.574753303
170,21.03885212,5.10953882,,23.8450377,5.09394898,,21.06470771,14.26745958,,23.7313676,14.50561146,,23.81424051,3.607299527,,21.05680729,2.909242788
171,19.39346525,4.180373906,,22.36771921,4.402038301,,19.54226963,12.08252684,,22.51158676,12.22964986,,22.47995157,2.810551176,,19.67812519,1.832029224
172,20.14892517,4.548102051,,23.05297677,4.602433544,,19.97983481,12.22248243,,22.76224782,11.19559175,,23.10583182,3.083893774,,20.03609266,1.835355652
173,19.42266983,4.22184526,,22.16334056,4.056648951,,19.42084269,11.92996071,,21.93629804,10.79398452,,22.40698641,2.620849559,,19.58556828,1.537724499
174,19.78896735,4.248363514,,22.51991201,4.234864118,,19.90892876,12.27864172,,22.42766997,11.19673686,,22.67168289,2.754886011,,20.0172433,1.703789031
175,20.10760787,4.38513029,,23.91661399,4.837774256,,20.13065063,11.62875303,,23.7341444,12.98195166,,23.7417756,3.1317359,,20.39874663,1.972552069
176,20.02071965,4.463324702,,23.64133386,4.725236997,,19.94045475,11.61258973,,23.57314386,12.63058993,,23.86058573,3.109083057,,20.15584887,2.45034218
177,19.92521307,4.379368711,,23.50795744,4.786962541,,20.12403294,12.68826246,,23.46337344,12.14378763,,23.73520502,3.139576764,,20.33627661,2.244743881
178,19.73992769,4.302881418,,22.84617547,4.448766848,,19.88172087,12.63035651,,22.7808451,11.39107006,,23.21974201,2.954233233,,19.94476066,1.860308422
179,21.03510405,4.751229513,,23.94350574,4.583535733,,21.15640936,14.11309202,,23.75380399,12.04044774,,23.84235166,3.108279362,,21.10257992,2.233754614
180,20.01145997,4.427350659,,22.77566877,4.277420404,,19.91830048,12.08330406,,22.62062635,11.41941258,,23.02885396,2.92639629,,20.07338592,1.711005244
181,19.90024055,4.266928756,,22.82151163,4.254235056,,19.74788305,10.81969848,,22.85519008,11.46896959,,22.89259773,2.767120168,,20.02569084,1.602704835
182,20.00784859,4.327124679,,22.91723241,4.242335932,,20.03516489,11.1526382,,22.68665726,10.9938062,,23.03419207,2.870755308,,20.18741742,1.628355971
183,19.95776667,4.533507577,,22.74243477,4.576598784,,19.99597339,13.33596791,,22.58999438,12.43518665,,22.66074595,2.852636768,,19.8874249,1.914315891
184,21.09674295,4.526721886,,24.23337145,4.639186792,,20.99738041,12.03507906,,24.11159266,12.08733587,,24.59274503,3.167949056,,21.44996164,1.981766114
185,20.59247082,4.468635527,,23.06349699,4.351108258,,20.6028846,11.57809032,,23.08015605,11.52629814,,23.45441747,2.906211019,,20.9121359,1.893828983
186,20.43159095,4.399982938,,23.13910697,4.374653411,,20.39875679,12.10121868,,23.07105955,12.21057332,,23.35205036,2.946007765,,20.88020032,1.777460286
187,19.46954494,4.20157011,,22.26367052,3.925415929,,19.48567973,12.3208585,,22.31087899,11.78820282,,22.33292077,2.967863311,,19.51446391,1.57999794
188,19.93526048,4.325957747,,22.50446997,4.229048214,,19.86078204,12.05657125,,22.46311773,11.54223827,,22.54891312,2.766032698,,20.07858176,1.736816136
189,20.68436461,4.930003011,,23.0163565,4.703667518,,20.71469299,14.47448099,,23.15802893,13.94167706,,23.09154946,2.757572683,,20.53217872,1.854295696
190,21.34280615,4.835965248,,25.26927562,5.201201956,,21.36335031,12.68247034,,25.27027632,13.74699544,,25.53509808,3.789675714,,21.5720543,2.406141325
191,20.54826739,4.742126889,,23.82058178,4.921243583,,20.69932778,13.31453602,,23.95391014,14.27685356,,23.92849115,3.311370843,,20.80489347,2.517844252
192,20.23689653,4.605072627,,23.10372348,5.25620571,,20.07984146,11.42310413,,23.1912929,13.92359772,,23.06037811,3.161912842,,20.25517688,2.282737349
193,19.81643008,4.573504702,,23.27719387,4.887621985,,19.84166296,12.72340187,,23.3371311,13.98316986,,23.35551163,3.326981461,,19.76512544,2.076579102
194,19.96383171,4.300959723,,23.487493,4.774148239,,19.96708088,10.62958461,,23.36301351,11.41509196,,23.6528762,3.324769465,,20.20798627,1.757118339
195,20.75381187,4.745539332,,24.09390256,5.309423369,,20.8524145,12.64005035,,23.9852295,13.64366204,,24.10844982,3.628939837,,20.90879091,2.18712788
196,19.94345519,4.571418669,,23.98315186,4.964095473,,19.93871176,11.80927964,,23.7860048,12.18373756,,24.13198067,3.64443507,,20.02002908,1.943813277
197,19.70407256,4.304503016,,21.13780112,4.031767721,,19.53381094,11.07486524,,21.1237845,10.19117573,,21.40975866,2.758665039,,20.22086017,2.132579651
198,19.50650257,4.326610576,,22.53517559,4.548520624,,19.51112657,11.29924166,,22.48180342,12.47494026,,22.52613572,3.071236015,,19.59155651,1.801674815
199,20.02746156,4.405725282,,24.16676275,4.912236813,,19.97397351,10.88019613,,24.47900694,13.43886625,,24.3411129,3.58513233,,20.08361972,1.904258509
200,20.85031471,4.758526429,,24.63146045,5.2281949,,21.33071393,14.0253292,,24.80493411,14.22553157,,24.87307055,3.722281718,,21.37862578,2.469410663
201,20.12999922,4.555527931,,22.55617609,4.5600815,,19.94660029,11.35016661,,22.33004208,11.14499756,,22.76458583,3.20026263,,20.39814177,2.127793153
202,18.69463051,4.055512301,,21.52510175,4.314411122,,18.69805317,10.91542833,,21.61048944,11.22809,,21.5762198,2.901066483,,18.75949721,1.573995762
203,19.08137479,4.205664843,,21.59488631,4.327919335,,19.04938019,10.59947971,,21.48229414,11.07760498,,21.66137741,2.85202875,,19.19719668,1.691564791
204,18.75405148,4.047506181,,21.20864919,4.225314244,,18.77781346,10.83208076,,21.29175521,11.52767496,,21.18941098,2.787889986,,18.79196344,1.65269257
205,18.81600184,4.019624253,,22.03873599,4.362586705,,18.93830215,10.96108625,,22.14932676,11.82713914,,22.07085927,3.02929679,,18.72104484,1.46208573
206,19.98957849,4.290802661,,23.3631816,4.6940977,,20.07022559,11.03979678,,23.33733027,11.71317842,,23.7103172,3.413162553,,20.47618105,1.899662966
207,20.84271926,4.703533461,,23.87339143,4.827561002,,21.00526112,12.93704143,,23.64381946,12.23340774,,24.13619565,3.46298464,,21.37547761,2.552489618
208,19.86471335,4.332709361,,21.93369809,4.22433565,,19.95715462,11.64965813,,21.97210463,10.81916508,,22.10129196,2.888616449,,20.25057204,1.978547641
209,21.06799938,4.597675384,,21.6346027,4.094203121,,21.06799938,10.58761343,,21.6346027,9.882183847,,21.6346027,2.850984323,,21.30320522,2.047488175
210,17.57708701,3.770080424,,21.12357958,4.320266289,,17.69235562,10.37422753,,21.23882901,11.49087836,,21.04677343,2.858441344,,17.46635501,1.341788727
211,21.07177311,4.992425558,,23.95577675,5.259056971,,21.20119555,14.5069138,,24.0918025,15.26567556,,23.99953956,3.550150485,,21.06297422,2.394210872
212,20.96598383,4.94174608,,24.31224277,5.081869866,,20.65382201,12.39649857,,24.14557865,12.39012742,,24.68851138,3.569711724,,20.9886686,2.303946891
213,20.38714506,4.499701327,,24.07617886,5.009049175,,20.34260139,12.62646672,,24.16728938,12.48076076,,24.28687134,3.652399406,,20.67707635,2.331985629
214,23.04328461,5.618702976,,24.95151069,5.147948943,,23.00366541,14.74162278,,25.05393002,13.68353802,,25.23083317,3.950297159,,23.20042971,3.275399767
215,19.83214826,4.485512988,,22.28545262,4.338079127,,19.92746689,11.58849039,,22.20684152,12.10992317,,22.15173159,2.862220645,,19.93127349,1.881475955
216,20.11241237,4.182078285,,23.70033631,4.44759542,,20.08368325,9.488987617,,23.70033631,11.23339856,,23.70033631,3.213612707,,20.09200146,1.441555671
217,19.82943531,4.323149721,,22.28250349,4.26755939,,19.88205528,11.10961362,,22.35303985,12.02887961,,22.28400598,2.833417621,,19.98427195,2.040804921
218,20.90196244,4.823762979,,24.93602092,5.042023005,,21.04135293,13.32833566,,25.0199444,14.35495956,,25.11505276,3.679144539,,21.00450496,2.234261556
219,20.20378427,4.616922243,,22.82540519,4.513795573,,20.12047497,12.10899184,,22.73267505,12.45990727,,22.90061603,3.105729909,,20.31491222,2.152123541
220,19.32991915,4.097447094,,22.50215189,4.193992649,,19.32112674,10.01051183,,22.53325248,11.54065683,,22.48789394,2.906734976,,19.35379258,1.641727947
222,19.32680914,4.148290541,,22.25735263,4.162371569,,19.28873347,10.43139727,,22.27189799,11.11669598,,22.33154445,2.892944665,,19.3892466,1.620257041
223,19.76825221,4.288238255,,23.30012716,4.528565144,,19.9003047,11.34351657,,23.40679214,12.22417092,,23.31727527,3.166678634,,19.87041414,1.839214942
224,24.01374551,5.472240973,,26.09500405,4.510287408,,23.95922631,13.47555279,,26.12145173,13.11408686,,26.20296559,3.772652034,,24.39012818,4.122516799
225,21.87136787,4.791926629,,24.83263543,4.27760816,,21.83197404,12.7800441,,24.88019094,12.13052051,,24.95236556,3.453655997,,21.92564863,3.213355737
226,21.98839625,4.814879408,,25.32737206,4.438080066,,22.11290925,12.88825121,,25.42833158,13.08639435,,25.45404147,3.697313587,,22.13294242,3.259009826
227,24.14388151,5.535395695,,28.70250453,4.948841466,,24.27721178,13.99095375,,28.91530146,16.50803943,,28.91361993,4.71220653,,24.45225833,4.517178963
228,23.05298227,5.197724047,,26.35052736,4.642528543,,22.97835207,12.87125734,,26.33824544,13.52707654,,26.36607424,3.859046153,,23.27524216,3.815247235
229,22.32800708,4.913990513,,26.1516912,4.410643829,,22.31432937,12.54030104,,26.18988658,12.99313451,,26.41740421,3.869444128,,22.48017782,3.284538859
230,20.21742831,4.152603173,,23.14523013,4.234698676,,20.30829282,11.6011255,,23.08747112,9.567652898,,23.14565568,2.925150267,,20.19844821,1.69485961
231,20.88088825,4.423891527,,23.91049379,4.408954959,,20.78180818,11.39190789,,23.9439579,11.85612648,,23.85947692,3.229426676,,20.84432917,2.499698873
232,21.0292565,4.400923729,,24.26058025,4.279450483,,21.14781082,11.66224093,,24.32239905,10.95902396,,24.39410961,3.444206811,,21.15265848,2.706190565
233,21.77680164,4.714244936,,25.20594361,4.426257163,,21.74880252,11.80480494,,25.38334798,13.51245601,,25.25595685,3.514398873,,21.78594209,2.901847222
234,21.63442164,4.709128961,,24.62997465,4.334908612,,21.82885916,13.46536741,,24.88410778,13.57756267,,24.70592025,3.426134626,,21.68336137,3.123215456
235,20.28738994,4.291221841,,22.81759947,4.247310176,,20.29420053,11.63282875,,22.85249001,11.93883518,,22.93610006,2.926934248,,20.52367044,2.329930757
236,20.29758439,4.296556095,,22.64482584,4.220390144,,20.29553555,10.36854426,,22.84835079,12.33413836,,22.76994702,2.960979744,,20.46893143,2.105239964
237,22.21849576,5.010659169,,24.24091824,4.932491455,,22.21508923,12.89394609,,24.39274757,13.96755158,,24.30182781,3.363746561,,22.29830491,3.001723893
238,19.40573605,4.100090165,,22.28554866,4.177714034,,19.51764514,12.72025726,,22.53065201,13.02901939,,22.39962471,2.82431312,,19.37119867,1.985989471
239,23.43718134,5.450103744,,25.27043112,5.342565103,,23.54053447,13.69308434,,25.33598264,14.1349126,,25.34520529,3.224989101,,23.60726897,3.790943651
240,22.62658334,5.167233729,,24.51764696,5.033494756,,22.33210243,11.89230412,,24.57807542,13.20427726,,24.54415713,3.228196599,,22.64962758,3.140331141
241,21.42588248,4.496537321,,23.53091418,4.030031947,,21.25661779,11.20853791,,23.3301556,10.09559144,,23.48913643,3.106766052,,21.66565565,2.378639897
242,21.26963739,4.752741439,,23.32655755,4.325460315,,21.22530905,12.88606047,,23.63761365,13.66303398,,23.67501371,3.269529091,,21.29103058,2.24594831
243,21.0588066,4.431615494,,24.43876373,4.203999074,,21.00819812,10.15967125,,24.49155417,11.33595821,,24.70265821,3.393777189,,21.31071868,2.521249272
244,20.93628874,4.506032361,,23.17126265,4.227439918,,20.77520714,11.68959309,,23.19049546,12.04445387,,23.26805212,3.157061808,,20.97232399,2.631984665
245,21.1161871,4.353240575,,23.59970014,3.981494964,,21.11733109,10.78978452,,23.66897691,11.07403078,,23.87435843,3.325203208,,21.29890575,2.547032973
246,21.45964633,4.664285054,,23.47730502,4.099954642,,21.91378825,13.91054218,,23.64301363,13.20879267,,23.53433304,3.101387783,,21.85690809,2.909140049
247,22.42976005,4.893440541,,24.40147839,4.224375898,,22.81078538,13.80556204,,24.30766673,11.89573786,,24.76015063,3.491385672,,23.05745386,3.338915668
248,22.37670972,5.057243002,,24.22562122,4.498515815,,22.65336007,15.89493959,,24.4806532,14.5962971,,24.39313981,3.587597055,,22.37210406,3.315692453
249,21.83217991,4.818421737,,24.21254236,4.457227974,,21.79388013,13.03165386,,24.11073048,12.44267068,,24.3554136,3.47099027,,22.15757063,2.974478181
250,21.33976761,4.517676113,,23.40721616,4.06603578,,21.03171139,10.48938794,,23.45674906,11.13135075,,23.73316062,3.184056077,,21.74303788,2.81105405
251,20.9580652,4.474555768,,22.29021811,3.783901528,,20.78103315,10.73369427,,22.46421749,10.99283802,,22.4987544,2.853255085,,21.38759732,2.306524332
252,22.03650543,5.005852343,,23.17182414,4.303560627,,21.95878193,13.81249576,,23.12022467,12.12172099,,23.17725699,3.025690873,,21.95457876,2.881229311
253,22.27103825,4.955680034,,23.10028883,4.032829017,,21.78197416,11.38422295,,23.04676544,11.74496649,,23.28467461,2.927051891,,22.35245335,2.658664138
254,22.19515625,5.000033562,,23.54603189,4.096063606,,21.86278136,12.35898618,,23.71896106,11.57735346,,23.69417041,3.207302078,,22.05732312,2.657029671
255,21.33116728,4.710201988,,24.06984174,4.520771895,,21.24629886,12.12612336,,23.93944271,12.90451298,,24.11794664,3.347184073,,21.65795244,2.772889638
256,22.07634699,4.958829581,,23.81232106,4.405915666,,21.97180409,13.27389882,,23.84554858,12.2119198,,23.92316944,3.239240657,,22.31420829,2.978757836
257,19.85533278,3.980470548,,21.66195907,3.661794734,,20.08223009,10.38456577,,21.68800323,9.553313444,,21.85356572,2.806984673,,20.34732988,1.762850022
258,21.84210681,4.892508133,,23.92899827,4.411199966,,21.75876904,13.0369095,,24.04757583,13.24147817,,24.11952395,3.381533578,,22.16566035,2.844436402
259,22.39684357,4.834052555,,24.93231392,4.180304595,,22.23067017,11.50063769,,24.99632898,11.72226967,,25.09043024,3.481239942,,22.65687575,3.062817177
260,21.66714165,4.614854824,,23.6854543,4.078229734,,21.64113344,11.15161969,,23.77719917,11.78275109,,23.79337413,3.258029282,,22.03270833,2.868319116
261,21.5948812,4.774063224,,24.23875495,4.41130205,,21.74063375,12.86782965,,24.35174615,13.58060759,,24.24476211,3.379476254,,21.68019236,2.89481365
262,21.71876491,4.655982654,,24.47622164,4.307667066,,21.65241092,11.29198263,,24.59818232,12.61104909,,24.60113309,3.481202098,,21.81542766,2.928504398
263,21.50896067,4.720667045,,23.7291166,4.193892882,,21.390347,12.95866621,,23.67191018,11.81727718,,23.76164433,3.09039205,,21.50730916,2.782713488
264,20.49626361,4.301831837,,23.05004087,4.002379791,,20.50466431,10.99697055,,22.94979231,9.959371988,,23.0080158,3.077110991,,20.61599723,2.219874895
265,19.59274404,4.039294346,,22.2797093,3.936871507,,19.50931735,10.74207884,,22.40052245,11.21718387,,22.5342063,3.027387465,,19.79894803,2.039573608
266,19.77440845,4.16154227,,22.83038328,4.074599144,,20.02811432,12.64347183,,22.99748892,12.67203045,,22.95452565,2.996653762,,19.86611099,2.150997351
267,21.5852458,4.813897612,,24.1757362,4.189792017,,21.69839902,13.72390028,,24.32102616,13.67213316,,24.09734543,3.172664117,,21.59049144,2.782578831
268,22.54283261,4.947866821,,24.14894285,4.07275938,,22.14335175,11.45699825,,24.24763845,12.42264121,,24.45727155,3.130140736,,22.86784409,3.172797473
269,22.03943318,4.72812446,,24.63022184,4.080489838,,22.08820774,11.22459769,,24.51259246,10.60850806,,24.76088482,3.253986727,,22.45711654,3.018135084
270,25.63304429,5.962365719,,30.06596845,5.046319576,,25.40217263,13.45769652,,29.93528376,15.13559374,,30.0214711,5.255597324,,26.03891571,5.156879587
271,23.62779673,5.430345601,,25.97406885,4.418366662,,23.80764132,15.50056655,,25.94969414,13.74499139,,25.98709253,3.93908443,,23.69119603,3.81269783
272,20.30828221,4.185080002,,22.29623012,3.803971187,,20.35123147,10.3140105,,22.04598694,10.20153018,,22.15477657,2.549494061,,20.55254251,1.786791251
273,21.2338968,4.754850901,,23.43838831,4.173394067,,21.18955006,12.43009315,,23.33750129,11.85539389,,23.45216196,2.910586367,,21.40874835,2.180827265
274,21.87403376,5.056115651,,24.42975082,4.629599589,,21.99309879,14.38860392,,24.47708022,14.27340455,,24.47632327,3.189403197,,22.25504658,2.861486973
275,21.57342047,4.982072747,,23.51680181,4.335206887,,21.90370719,15.52099479,,23.7519914,14.17833686,,23.56149221,2.986053592,,21.4700041,2.514995906
276,19.84124027,4.204837004,,21.53208748,3.540382405,,19.86792789,10.90234039,,21.82743115,11.59573612,,21.66504703,2.433243152,,19.99362294,1.577385966
277,22.3914651,5.00666269,,24.66061848,4.527156535,,22.69537478,14.10146775,,24.63830712,11.89996511,,24.75239627,3.343173421,,22.67853906,2.849093493
278,20.69123737,4.57152205,,23.19936559,4.322789609,,20.89923764,13.80059264,,23.28216611,12.64025947,,23.32623581,3.019416982,,20.73340098,1.894924545
279,21.42963023,4.803609543,,23.36400354,4.295327629,,21.44954208,13.09176735,,23.42054072,12.15999899,,23.47006715,2.870727122,,21.52179639,2.12362205
281,21.40166455,4.972122163,,23.63004288,4.714879712,,21.35287931,14.63166119,,23.62636581,14.25269648,,23.69403597,2.957445168,,21.29326476,2.234557893
282,20.7986183,4.694015453,,23.06227953,4.406224159,,20.8639816,13.62852006,,23.24054742,13.1199229,,23.29834575,2.928988114,,20.84052858,1.854191908
283,20.80193833,4.666141329,,23.42377035,4.457703472,,20.90361742,13.32287623,,23.3140655,13.06378142,,23.6172439,3.183188674,,21.00094763,1.911789053
284,18.74410073,3.949968074,,22.8626052,4.549760686,,18.87782165,11.7515073,,22.82028143,12.12526116,,23.10025584,2.982004708,,18.68868343,1.333660083
285,18.88856424,3.975185403,,22.02461759,4.03856915,,18.95889341,11.20710359,,22.01111873,10.9837807,,22.08835945,2.826910573,,18.98829176,1.367047246
286,19.36026794,3.979705763,,21.98582478,3.989883658,,19.54302076,11.26671717,,22.14648325,11.72901425,,22.32835529,2.869193021,,19.7643824,1.50222282
287,18.93886438,4.084203491,,22.34966111,4.275073536,,19.08915163,12.07958097,,22.6528397,12.03535007,,22.57693854,2.872821148,,18.88685337,1.337715299
288,18.91461291,4.085445537,,22.49242034,4.438681051,,19.17940808,13.50970348,,22.51474561,12.78247168,,22.496017,2.808329931,,18.86404221,1.325525413
289,19.99198302,4.214204458,,23.01822698,4.284279837,,19.85454703,10.23500785,,22.78318568,10.55795186,,23.15515915,2.96014874,,20.54041121,1.714268523
290,19.82142724,4.07899469,,22.30993577,3.969342323,,19.81127938,10.09267756,,22.146721,10.08570155,,22.52372023,2.670296127,,20.31381351,1.622030998
291,20.46221302,4.308716521,,22.10518911,3.821901728,,20.41655467,11.26979326,,21.89067212,9.460232225,,22.09791842,2.471787976,,20.6474946,1.57694357
292,19.6226067,4.142150688,,22.72077054,4.254408369,,19.87393246,12.22924591,,22.97409559,12.58562034,,22.96805392,2.995007291,,19.87218924,1.555097002
293,19.28280689,4.1177916,,22.84731585,4.331900459,,19.20234908,10.93317104,,22.99724377,12.1032395,,23.00241834,2.890896307,,19.24122478,1.460569454
294,19.38142843,4.153951742,,22.69266919,4.289118521,,19.52623765,12.59818938,,22.48838788,12.31634076,,22.69552045,2.953815801,,19.46053182,1.473595473
295,19.635581,4.021145198,,22.75126669,4.031058661,,19.52736564,9.383836615,,22.55203017,9.976227446,,22.98879345,3.039175562,,20.01383012,1.527034732
296,20.58179422,4.37393081,,22.93783502,4.142851381,,20.54551059,11.17015786,,22.83291027,10.76226702,,22.94855586,2.96375115,,20.63899659,1.738365984
297,23.14583162,5.413862735,,27.48154486,5.50664195,,23.36608419,14.70679018,,27.4878333,14.70778134,,27.85147382,4.352682247,,23.44798748,3.412981881
298,24.21157864,5.941529042,,27.84709772,5.724093267,,24.08386594,14.96805121,,27.7046547,15.47268936,,28.01870934,4.41796856,,24.25711953,4.02518873
299,21.40707179,4.493582446,,23.10122805,3.972105011,,21.39495489,10.22316037,,23.10122805,10.01685255,,23.1039704,2.818215932,,21.42114721,1.805070596
300,21.44698296,4.87078297,,24.0944313,4.47591445,,21.38382431,12.46999261,,24.1497668,12.83504518,,24.17729473,3.383176685,,21.51193261,2.256026273
301,24.18651314,5.851836597,,26.58159621,5.159090432,,24.10567784,14.43152509,,26.71636267,15.04671837,,26.88810373,4.271919951,,24.39086586,3.778122916
303,23.17904085,5.580746469,,26.39100788,5.179064704,,23.17718962,15.26912134,,26.5498405,15.70624217,,26.68334133,4.353220544,,23.20841256,3.359368875
304,22.47070522,5.056845012,,28.12407006,5.447816664,,22.50054085,11.986776,,28.1652351,14.39477561,,28.75435507,4.659449673,,22.75137267,2.777347293
305,21.4690149,4.728684307,,25.67877431,4.839737861,,21.32350364,11.22147238,,25.54254205,12.90998052,,26.29079109,3.970574511,,21.93518102,2.629497479
306,21.49945391,4.904085434,,24.00090648,4.374176979,,21.56950675,13.8722238,,23.99415608,13.67977621,,24.08546938,3.361031834,,21.59177598,2.418646346
307,20.9696532,4.73926273,,25.53116921,4.832280954,,20.9730401,12.65033336,,25.65064904,13.90888096,,25.76034687,3.826595819,,21.16914402,2.499840599
308,21.71796275,4.9660309,,25.72599018,4.894336477,,21.96659573,14.90405591,,25.68519465,14.80664371,,25.74816508,3.848496746,,21.85334787,2.848504513
309,18.60459538,3.725731446,,21.29465581,3.689963416,,18.75630472,10.76568132,,21.33460418,10.19625676,,21.44468052,2.73728931,,18.67276791,1.296714564
310,21.32609968,4.760823639,,26.5151121,5.092239947,,21.51175636,12.5797178,,26.43627348,13.36102163,,26.60151167,4.082255017,,21.63700866,2.601739625
311,19.8175513,4.177339689,,22.48498939,4.006160822,,19.74274205,10.78305037,,22.36508656,10.29573491,,22.57135358,2.876965843,,19.98923302,1.850303947
312,19.90976261,4.439763788,,22.49048166,4.181116365,,19.92250642,12.35675044,,22.37509244,12.02315572,,22.69245836,3.001662044,,19.96760372,1.769470883
313,19.13379924,3.869679483,,21.57835064,3.625722932,,19.12086277,10.41397493,,21.66765223,10.99771155,,21.70912954,2.657099441,,19.2158765,1.395548509
314,18.55093659,3.724898444,,21.0103148,3.484725487,,18.54616145,9.686420285,,21.05962478,9.686823239,,21.15600655,2.570689512,,18.81710006,1.278610009
315,19.10266918,3.985683056,,22.16492978,3.979460101,,19.02910292,10.8790519,,22.31372589,12.47895505,,22.31625905,2.874559083,,19.33373225,1.502216666
317,18.84467238,3.889052159,,20.89312935,3.516755092,,19.01318267,10.63566951,,20.99468915,10.75586528,,21.08104316,2.460915782,,19.08286177,1.312337294
318,19.11087778,3.945095701,,23.2152442,4.225716259,,19.30715889,11.43984544,,23.23687,13.13756669,,23.30227131,3.392476025,,19.18527605,1.557847305
319,19.91504448,4.252955674,,22.29014396,3.877792982,,19.7732141,10.31649072,,22.27071421,10.39544384,,22.40826867,2.854652533,,20.14453049,1.786365306
320,18.90639704,4.017790405,,21.3818153,3.831419089,,19.00531324,11.21622552,,21.62197638,12.63483897,,21.55913714,2.726450091,,19.020575,1.370150948
321,21.07842666,4.674811048,,23.47736514,4.327316901,,21.12898416,13.08872623,,23.22936413,11.88135072,,23.69993399,3.206373755,,21.26897036,2.187091142
322,21.92115867,5.043321531,,23.89862227,4.439105104,,21.93160214,14.41080047,,23.94567109,13.55265793,,24.08507312,3.257217552,,21.98523294,2.603092648
323,19.69413645,4.183573638,,22.03936741,3.809559938,,19.76403887,11.45509455,,22.06746124,10.79335805,,22.31382841,2.827749762,,19.88463084,1.643007803
324,19.50599031,4.139484706,,21.7971741,3.839802821,,19.73625478,12.04715426,,21.94596145,11.80744407,,21.83917645,2.813517138,,19.61135717,1.537476579
325,22.84450321,5.18950293,,25.17386629,4.606068916,,22.64811102,12.68664572,,25.22210092,13.0325497,,25.47525311,3.606145563,,23.04998004,3.042609328
326,19.6612381,4.217359485,,22.13285806,3.91922099,,19.53577766,10.31065184,,22.20944119,11.47907284,,22.22652997,2.76983816,,19.70464456,1.680333882
327,18.77663705,3.938100762,,21.46750069,3.747438134,,18.79923766,11.07398664,,21.49604214,11.51762688,,21.44394877,2.566862902,,18.74636258,1.372971168
328,21.65032649,4.729162161,,23.76942181,4.37310056,,21.35506188,10.452414,,23.64357492,11.91234337,,23.70268537,3.103950879,,22.02607867,2.375170104
329,18.41854873,3.709214904,,21.35525807,3.72698544,,18.49853555,11.31789678,,21.45335778,11.19954038,,21.45544015,2.740548949,,18.45396142,1.119722231
330,21.55507355,4.712908267,,23.5906363,4.100277485,,21.59721907,12.38316424,,23.6152169,11.36438694,,23.79387784,3.008387999,,21.76911277,2.223815816
331,18.99840313,4.068124103,,22.0738475,3.993560068,,19.05396461,11.70728354,,22.11334717,12.09703765,,22.17675573,2.841918194,,18.98467413,1.355869902
332,19.19779078,3.954064816,,21.62748764,3.742035784,,19.28014366,10.97124623,,21.79934074,11.75394814,,21.83027509,2.656111491,,19.56011752,1.363219007
333,22.45792374,5.084333355,,24.27584656,4.354459542,,22.62089339,13.43878629,,24.38774629,14.25506373,,24.30962177,2.918692167,,22.72863206,2.594229771
334,20.51623701,4.427659211,,23.16171835,4.313013623,,20.79258623,13.21747878,,23.02559962,12.28628536,,23.1273263,3.013809643,,20.57757824,1.878230447
335,21.06348459,4.551237279,,23.28297193,4.017655869,,20.96503669,11.67048886,,23.37978748,11.99224717,,23.44098798,2.789517787,,21.20999645,2.161150821
336,20.90917228,4.390358383,,22.8106945,3.739198424,,20.85615543,10.98014993,,22.79540846,11.14776378,,22.83701153,2.610226238,,21.19441057,1.992349785
337,20.34199923,4.471210157,,22.51369747,4.017548258,,20.61073422,13.4657424,,22.71705393,13.49998304,,22.78536265,2.876624072,,20.40009537,1.82390761
338,18.81996872,4.283374746,,22.51140266,4.141484213,,18.834462,12.90213173,,22.55667663,13.45553858,,22.90565576,3.074089804,,18.71188804,1.519524108
339,21.32389601,4.910199113,,23.5875746,4.676621054,,21.35544377,12.84207339,,23.80416369,13.61447409,,23.94661716,3.319207793,,21.7195922,2.830155172
340,21.10080294,4.727094408,,23.79601536,4.740656049,,21.08215462,11.78958013,,23.66432072,12.15102953,,23.87472248,3.293402747,,21.55522151,2.433215292
341,19.95000281,4.448001515,,23.00899396,4.459378989,,19.90897877,11.43481532,,22.95614346,12.85483705,,22.95617875,3.051126449,,20.18552575,1.928242863
342,22.17113694,5.136766909,,25.45215579,5.331661903,,22.33474283,12.79155444,,25.55736036,14.06712141,,25.77221325,3.883780302,,22.43667625,2.990591143
343,20.20229668,4.715137703,,22.98089328,4.455858582,,20.34905496,12.76219709,,23.10078803,15.08275682,,23.20858222,3.649535494,,20.55014677,2.150695017
344,18.85925325,4.053727107,,23.01243343,4.267980524,,18.8861505,10.44750626,,22.98106206,12.72755248,,23.05039692,3.324113778,,19.04057666,1.138901058
345,20.15542649,4.512397262,,23.06278234,4.365839782,,20.31218424,12.23983777,,23.04228049,13.16534697,,23.59657351,3.62945834,,20.55190027,2.037975317
346,20.18267816,4.24815921,,22.55635847,4.223123409,,20.18267816,9.990945342,,22.55635847,11.09118216,,22.55720418,3.004763021,,20.23344806,1.555500628
347,18.21712675,3.995044823,,21.44202697,4.025904729,,18.37561281,11.11131589,,21.59827576,11.64664772,,21.39656833,2.976791901,,18.2065653,1.11746088
348,19.93189068,4.255197452,,22.48029038,4.119382852,,19.89494239,9.714854147,,22.41738151,11.37008507,,22.50173678,3.26023121,,19.99896362,1.502236818
349,20.79860211,4.8386471,,23.72772033,4.685338616,,20.76175766,12.2584644,,23.28874873,13.08204027,,23.96301371,3.687882845,,20.98334449,2.208075714
350,19.91585276,4.518020123,,22.94318215,4.41365059,,19.99206403,11.79767884,,22.92578568,13.65511961,,23.11257518,3.448632673,,20.10978483,1.778039128
351,19.46865384,4.255809599,,22.53454225,4.201439206,,19.42527781,11.01212566,,22.53278329,12.29477839,,22.67223884,3.28293624,,19.57244773,1.411437726
352,21.68684284,5.093288151,,24.10271044,4.83255447,,21.66289928,13.35981129,,24.14418308,14.19269324,,24.05281647,3.414705663,,21.75488889,2.667226322
353,23.36296979,5.939558415,,25.39360539,5.577120139,,23.21533275,16.2119183,,25.08668224,14.29982794,,25.48867036,3.895883152,,23.25727132,3.684007405
354,20.46814565,4.747831098,,23.13826156,4.635698169,,20.45195822,12.48127122,,22.8821729,13.58486061,,23.3243267,3.353636532,,20.54561731,2.19839004
355,20.97967986,4.700643946,,22.90318134,4.322049529,,21.12067677,11.83097237,,22.92669076,12.46477041,,23.66321155,3.629783652,,21.49619238,2.340148936
356,20.34110156,4.616439282,,23.04239789,4.450124767,,20.12685024,10.79003177,,22.495138,11.99919542,,23.23676886,3.533975021,,20.63324704,2.016028013
357,18.70415783,4.162380913,,21.90698506,4.117633114,,18.71285702,11.15708339,,22.08038949,12.36325169,,22.03256982,3.215292705,,18.77214728,1.22967611
358,20.70959931,4.749086672,,23.7099186,4.758127212,,20.90690289,12.70548308,,23.97375131,14.26501195,,24.2007448,3.572938086,,21.07696887,2.407217334
359,18.94058394,4.134552302,,23.04895443,4.450375105,,19.18216266,11.71619406,,23.03284475,12.99217999,,23.02727468,3.533549885,,19.13393578,1.271104752
360,21.00093297,4.921736092,,23.49774643,4.631510597,,21.06977343,13.49595941,,23.5761158,13.76617135,,23.74917953,3.609770958,,21.13049719,2.117833476
362,21.03461397,4.877266465,,23.87373282,4.89301916,,21.32723767,14.0925897,,23.76543128,13.8616067,,23.95221423,3.445678296,,21.40432161,2.352693191
363,20.45434566,4.542470004,,22.60309127,4.690935997,,20.60978736,14.04345655,,22.69093053,13.48842938,,22.60302393,2.996063534,,20.42333465,2.058283086
364,22.35629313,5.244038296,,25.89959816,6.274102134,,22.63716582,15.32943323,,26.13991725,16.69835544,,25.85234415,4.235023336,,22.36627026,2.909472867
365,19.52589499,4.044615052,,21.60849573,3.996010712,,19.55264097,9.857342837,,21.69745367,9.54943902,,21.74890585,2.60668706,,19.8863465,1.574278061
366,19.93667013,4.492499472,,21.52817533,4.33923649,,20.13062578,13.84034433,,21.73072364,12.87540475,,21.58169347,2.717002649,,19.88880953,1.647271256
367,19.13858269,4.146451303,,20.94173573,4.088815193,,19.2090453,11.47776629,,21.03789598,11.64428792,,20.88211357,2.335779628,,19.10476128,1.454913779
368,19.89934141,4.074259614,,22.01397823,4.276097959,,20.00404229,10.58113959,,22.02890124,10.11798375,,22.00152398,2.729767417,,20.2582928,1.76885932
369,18.52237849,3.723955198,,20.6002334,3.794900909,,18.63638605,9.791021579,,20.59118359,10.02429198,,20.52270752,2.246052646,,18.88170963,1.184810138
370,18.70795431,3.783054103,,20.56880377,3.71960055,,18.75234439,9.14905485,,20.68910263,9.230142614,,20.56350636,2.340959504,,19.00586942,1.345705686
371,21.61010482,4.895100234,,23.64588251,4.507256698,,21.55485611,12.29258457,,23.70101202,11.50543882,,23.70038048,3.052072891,,21.70773945,2.441703177
372,21.59313063,4.783857954,,23.46403129,4.493751973,,21.6943905,13.17092818,,23.50075076,11.68835081,,23.53852703,2.99987264,,21.8421059,2.209571681
373,20.19323338,4.441197111,,21.90183764,4.281708805,,20.24521018,11.9459852,,21.98131788,10.99052279,,22.09585528,2.531154372,,20.38484554,1.888383839
374,19.59473928,4.374186011,,21.7424767,4.231913248,,19.88127576,13.19561445,,21.93861521,13.17084494,,21.75477207,2.52852248,,19.71992119,1.566619818
375,20.14698193,4.184235265,,22.0456622,4.101101882,,20.20897263,10.29204772,,22.12923307,10.59604123,,22.27865612,2.61130888,,20.64945676,1.736507424
376,20.33714148,4.443309188,,22.33833258,4.231838349,,20.457618,11.71869327,,22.38556984,11.24592612,,22.40812443,2.608602289,,20.50460168,1.806251512
377,20.83448846,4.384645991,,22.43192091,4.114032188,,20.77086881,10.22320793,,22.39076185,9.640156423,,22.52110832,2.673882237,,21.1066704,1.849047826
378,18.94720839,4.008509185,,21.95765139,3.779912763,,19.25989146,12.26192833,,22.20911591,12.11969829,,22.09493596,2.715012497,,19.0847188,1.136051384
379,19.80635765,4.459928756,,22.60986893,3.957347436,,19.87465174,12.66512632,,22.77646039,13.14695134,,22.7738406,2.946851691,,19.675978,1.31075045
380,21.01256572,4.774125134,,23.65580781,4.024416981,,20.92311843,12.44990382,,23.76973187,13.73300609,,23.73185837,2.93227404,,20.97579653,1.579487636
381,20.52325847,4.636318175,,22.97318796,4.229350669,,20.70193016,13.20495309,,23.09832256,13.74445684,,22.97716703,2.840492613,,20.54834779,1.68657359
382,20.60726381,4.608006117,,23.12681944,3.819768213,,20.63121425,12.22056442,,23.2439007,13.06020409,,23.40089287,2.92375844,,20.72971362,1.51112624
383,23.28943805,5.33239185,,26.30549035,4.720578376,,23.09783562,12.16058748,,26.23240072,13.94784336,,26.42251077,3.367909791,,23.34382927,2.567278223
384,21.92493679,4.8875229,,24.35421303,4.497480826,,21.57924323,11.5621206,,24.4344499,12.87832762,,24.59372518,2.866933143,,21.9239937,1.962986145
385,21.39577863,4.671825774,,23.02994994,4.150323204,,21.38934019,12.07871594,,23.01434406,10.28841101,,23.17592241,2.695492709,,21.70947257,2.136024964
386,22.34804905,4.820164295,,25.39841358,4.460766072,,22.30977579,10.67498426,,25.26164867,11.64145353,,25.49576153,3.005900127,,22.75633282,2.205399503
387,22.05766589,4.889469237,,24.51593092,4.197684421,,22.12621121,12.64404564,,24.63801298,13.11219865,,24.6217275,2.757580902,,22.32904142,2.196566177
388,22.84409046,5.197133503,,24.29805825,4.257996253,,22.4239135,11.77317242,,24.17988266,11.31895773,,24.50725334,2.732898563,,22.90813875,2.43666737
389,20.52424295,4.542962227,,22.47984151,4.28102285,,20.793394,13.69967555,,22.52516275,12.59298911,,22.47997239,2.684066062,,20.62415156,1.751142897
390,20.09541132,4.341180895,,22.24441103,3.871870116,,19.86149838,10.20400677,,22.3861504,10.62876025,,22.39821897,2.541544942,,20.18868535,1.551102518
391,19.80527011,4.272169886,,21.87859635,3.932250242,,19.78958571,11.03300181,,22.05747452,11.88946945,,22.15089814,2.580218372,,20.0801888,1.562141518
392,20.48748109,4.425148069,,23.23898895,4.136426273,,20.5285934,11.72533216,,23.30187236,11.40855477,,23.45810404,2.835815946,,20.61584289,1.598461868
393,20.61024001,4.380208671,,23.22947541,4.172059208,,20.71244662,10.61742317,,23.306635,11.32093478,,23.31665101,2.766117441,,20.65795336,1.506192481
394,19.92269682,4.069589617,,22.19142286,4.238083829,,20.04669612,10.54784533,,22.28656323,10.2013249,,22.22863213,2.489819987,,20.01074806,1.512002282
395,21.74676951,4.811489767,,24.8011302,4.453836721,,22.04602077,12.92977615,,24.95908054,13.77181886,,24.89243303,2.998295945,,21.99007499,1.854886284
396,18.2047663,3.747379696,,21.51199296,4.383640585,,18.33060894,9.577604263,,21.55674095,10.93284251,,21.47713697,3.228159435,,18.37078394,1.587432098
397,20.56097906,4.81831693,,22.59262307,4.802779008,,21.05997636,14.60645958,,22.38414337,12.36746567,,22.73308721,3.570183143,,20.99010194,2.920591245
398,19.57156046,4.26275717,,22.06282399,4.337653681,,19.53723225,10.63322476,,22.01461251,10.70424488,,22.0649268,2.972112962,,19.81781257,1.784920435
399,18.70520394,3.947609602,,20.81481634,4.217249637,,18.83231152,10.00519535,,20.99281149,11.11567689,,20.85513723,2.982531421,,18.71051817,1.712388183
400,18.52990571,3.889725737,,21.71971291,4.508555595,,18.52446343,9.640982763,,22.03971153,11.93564386,,21.83431551,3.431105014,,18.62244639,1.751293219
401,20.47657424,4.788442165,,23.31867116,4.854500248,,20.4931577,13.295362,,23.29880281,13.37482798,,23.49797587,3.465929224,,20.69761357,2.599820441
402,19.86227857,4.463212028,,23.32665713,5.143200894,,19.96862138,11.41439779,,23.16448655,12.81143936,,23.69445336,4.122261142,,20.46652155,2.707577748
403,22.2349752,5.525623179,,21.53874553,4.564975793,,22.3582161,13.12821222,,21.92708385,12.24368874,,22.03932143,3.618845188,,22.42389634,4.006816358
404,18.55932445,3.873961868,,24.20410289,5.116572049,,18.85313699,10.85120592,,24.05896578,12.32976486,,25.31671755,4.995834104,,18.81979483,1.73082554
405,19.03646506,4.114164198,,21.59403671,4.396664183,,18.91519841,10.49572714,,21.61192043,11.46543879,,21.69044748,2.988788969,,19.36178962,1.894871877
406,17.97079971,4.00738198,,20.44889215,4.135200198,,18.08362951,13.03939536,,20.50376805,12.22066677,,20.39009436,2.547485708,,17.94666111,1.533376738
407,18.06927669,3.856538453,,20.83126823,4.065985987,,17.9764431,10.170164,,20.87238024,10.42288523,,20.9599452,2.667861086,,18.37149388,1.597422709
408,19.82172926,4.435367071,,22.47330678,4.557736534,,19.90069802,11.53487,,22.44900609,12.10781086,,22.51881529,3.058908758,,20.13082683,2.139151973
409,20.02483128,4.557787724,,23.35119854,4.74100977,,19.92773713,12.37540688,,23.26419028,13.08427005,,23.38082517,3.128010172,,20.03420779,2.095235275
410,20.70338812,4.681067315,,23.52055578,4.739924163,,20.70533445,13.11218571,,23.3878761,12.31785637,,23.53024135,3.147994016,,20.99573675,2.544317809
411,18.21552172,3.81274086,,21.80146427,4.334494929,,18.31312349,10.43472203,,21.88823203,11.38446568,,21.86834229,2.765929746,,18.37826202,1.490920535
412,19.22141611,4.21712817,,22.65097498,4.537498702,,19.32305541,12.01024228,,22.56945084,11.41274688,,22.69074502,2.915637776,,19.41162211,1.822604777
413,18.500607,3.867074164,,22.32064356,4.521764143,,18.8882735,11.65363956,,22.45694419,12.29792215,,22.36773087,2.799010448,,18.91592136,1.63057774
414,22.22524369,5.135909897,,24.65020239,4.759165596,,22.30030555,13.08930767,,24.73393999,14.42228351,,24.65287216,3.323248959,,22.35349364,2.692395899
415,22.87908079,5.419008381,,26.32588933,5.288028241,,22.76005125,13.07329969,,26.59454051,14.43545761,,26.7871536,3.75508673,,23.00975967,3.110381111
416,22.48857629,5.024534943,,26.25451654,5.256007556,,22.49646209,11.47912298,,25.88368714,12.49962524,,26.31590119,3.572106675,,22.9604991,2.859522287
417,22.11944273,5.022258327,,24.95951537,4.892322576,,21.92461462,11.1791016,,24.95144753,12.21620547,,25.23046729,3.334408804,,22.24855296,2.652734717
418,21.21672564,4.787563024,,23.49836707,4.435320845,,21.09126029,11.70351068,,23.52092148,11.89286007,,23.47425293,3.016287944,,21.33624211,2.420322982
419,22.5018407,5.117009632,,25.89106333,5.004113288,,22.3739152,11.4825627,,25.50848521,12.2364829,,25.76742841,3.44133752,,22.68248611,2.805835309
420,21.51052383,4.818774947,,23.94699693,4.469530291,,21.60171678,12.78321556,,24.14307505,13.12922942,,24.14228702,3.210990746,,21.69457632,2.479633296
421,21.58353031,4.978275942,,23.98240343,4.702116691,,21.61479349,13.15125134,,23.98923403,12.57365378,,24.1049821,3.252641007,,21.54466874,2.518550654
422,21.44975875,4.866188051,,23.75043477,4.732154475,,21.47505724,12.49458792,,23.86894768,13.23783057,,23.93430421,3.185793324,,21.60907047,2.619435301
423,20.94537613,4.609120112,,23.48605055,4.139250277,,20.97815216,11.90668577,,23.45098015,11.27467146,,23.50347696,2.871255593,,21.29681309,2.506152
424,21.83683795,5.007121773,,24.40165817,4.713548852,,21.71495108,12.04129227,,24.41392234,13.01821577,,24.44632522,3.226347401,,21.84200683,2.51102283
425,21.04648119,4.657809598,,23.31962023,4.287951456,,21.09379002,10.78775731,,23.37216912,11.35977996,,23.48830908,3.00204246,,21.38554938,2.263152964
426,22.06345018,5.157583988,,24.09137021,4.344621813,,22.15128047,13.605553,,24.10827962,12.19311126,,24.23773503,3.393432537,,22.21768875,3.116830323
427,21.82765289,4.999464375,,23.31645384,4.341359168,,21.88836853,12.85554042,,23.39098092,12.71465324,,23.25012172,2.945279873,,22.06345139,2.849906147
428,22.51303855,5.316943474,,24.3054852,4.726404009,,22.66701572,14.24257959,,24.4075293,14.424034,,24.21524728,3.103894066,,22.57250362,2.979535016
429,22.77432125,5.322746053,,25.2315189,4.964709629,,22.77670658,13.61527858,,25.40735223,14.45074005,,25.25762784,3.440189139,,22.89500649,2.95789219
430,23.10570304,5.260350554,,26.33563565,4.84705406,,22.9587493,12.2519339,,26.34553937,13.11989868,,26.8349794,3.95931342,,23.65526711,3.399067895
431,22.16359166,5.125486169,,24.85461777,4.694651034,,22.11125767,13.03750499,,24.96268244,13.30388065,,25.09593388,3.314683449,,22.24182176,2.981830699
432,22.86547628,5.214505713,,27.87450149,5.326019083,,22.67173983,11.4572258,,27.35711354,12.52254041,,28.36928139,4.316032917,,23.23363486,3.070419637
433,22.05116954,5.186246277,,24.69638982,4.691159979,,22.07851276,12.91520243,,24.92129186,14.63824201,,24.69786791,3.348790347,,22.14445675,3.287926142
434,22.63987369,5.089427878,,25.80860587,4.770744968,,22.45569752,11.28550994,,25.58366873,11.1339128,,25.86543741,3.727123335,,23.03580697,3.185731946
435,22.34104243,4.934497042,,24.71620851,4.547579511,,22.0722921,10.58136928,,24.57990093,11.50987321,,24.90591256,3.38512743,,22.81067901,2.903773426
436,21.61950096,4.909076931,,23.87169056,4.620560419,,21.7217868,12.32093206,,23.99985854,12.37008406,,23.99216675,3.19502876,,21.99675546,2.64841677
437,22.01444683,5.107337652,,23.98328426,4.886071423,,22.00934102,13.09490576,,23.96227641,12.26101866,,23.90068383,3.157553009,,22.17820086,2.569115483
438,22.96868521,5.246398148,,25.07295086,5.059439524,,22.69983016,11.37421621,,25.07474513,13.01842886,,25.33396684,3.614064579,,23.20561063,3.032530442
439,22.14252462,5.121252624,,24.51230747,4.785727265,,22.10169259,13.12005239,,24.61639559,12.76678761,,24.82993887,3.204842322,,22.22125003,2.629939169
440,22.12045547,5.041698738,,24.29225602,4.589174911,,22.27716859,12.98315194,,24.26371618,10.92409087,,24.57718472,3.283800841,,22.50204475,2.990210194
441,22.25719365,5.086508358,,25.41416188,5.054399892,,22.22989467,12.50514584,,25.17945396,12.8836028,,25.4672254,3.341247386,,22.41289694,2.769949615
442,21.75861047,4.905580981,,23.69890191,4.309140769,,21.52304759,11.62210118,,23.71092955,11.74788985,,23.66184272,3.045216044,,22.02392661,2.813948227
443,21.50952676,4.72663953,,23.79283549,4.298301795,,21.6681865,11.6572995,,23.75327989,10.64289859,,23.77515851,3.04701742,,21.84655292,2.42525374
444,21.88712815,4.992621646,,23.93628957,4.556597399,,21.99304882,12.84222646,,23.89670041,11.59889925,,24.04665928,3.212555265,,22.13110017,2.925640847
445,22.42417085,5.241727893,,24.94865986,4.775845397,,22.5676501,14.90533055,,25.19139997,14.73371884,,24.87717476,3.417873998,,22.36729852,2.843259093
446,22.51054524,5.412121098,,25.05068043,4.976471382,,22.64197778,14.88484365,,25.24174527,15.15056169,,25.29097495,3.459337876,,22.64070606,3.606631145
447,20.85098425,4.594654653,,24.2330703,4.517531073,,20.62921129,11.36391345,,24.08015217,12.28481511,,24.3155804,3.051430463,,21.07428271,1.943638268
448,20.52778663,4.482222141,,23.81085731,4.474753428,,20.29298262,11.63942246,,23.73747132,12.52126473,,24.06120783,2.966246458,,20.67136556,1.729638176
449,20.24565831,4.459856844,,23.86114052,4.43453372,,20.25207566,12.41258058,,23.81673134,12.63875987,,24.0500212,3.114505869,,20.36129995,1.714622031
450,20.47127929,4.502828007,,23.64694692,4.704921795,,20.48169049,12.27435833,,23.67437412,12.73633681,,23.74763039,2.946929742,,20.66387387,1.856006578
451,20.95070647,4.561910651,,23.74831798,4.403707213,,20.85858137,11.41870237,,23.69266732,11.38700717,,23.86645352,2.988872403,,21.18911261,1.969310139
452,22.37301935,5.208666012,,25.25700344,4.838073954,,22.13201663,13.02306104,,25.12705061,12.64516417,,25.4364606,3.394699738,,22.70031991,2.848976108
453,20.8922803,4.672767128,,23.3268663,4.393958049,,20.96429723,13.38585121,,23.32208009,12.81469882,,23.60813113,2.934814718,,21.05927682,1.89428385
454,20.22017762,4.399163814,,22.81182496,4.074960304,,19.84318169,10.65514086,,22.67519448,11.5424217,,22.9083615,2.636369782,,20.39605006,1.55790894
455,20.26740887,4.480571675,,23.82513639,4.418957037,,20.2489632,12.57221713,,23.81352853,12.52936612,,23.81362248,3.072949225,,20.3013613,1.738232188
456,21.27732984,4.813818397,,24.15849708,4.455208204,,20.77597502,11.71734798,,24.00947391,11.74439552,,24.34942338,3.050701091,,21.45095123,2.080924507
457,19.93194903,4.301584846,,22.55446246,4.006080368,,19.68149947,10.95631951,,22.50649024,11.37902579,,22.69054717,2.549233224,,20.09149756,1.566548252
458,20.0389293,4.426422584,,23.43231598,4.437739555,,20.23229913,13.07577565,,23.61379784,13.81523913,,23.50113594,2.866387942,,20.22407855,1.733725491
459,20.12378278,4.373147211,,23.03998117,4.303162822,,19.93367476,11.46350672,,22.79632507,11.86361865,,23.1273049,2.634796203,,20.32070824,1.723321404
460,20.74159809,4.656179706,,24.67344326,4.683994377,,20.61693193,11.90791853,,24.51373127,12.00960217,,24.89408024,3.29655452,,20.90382836,1.982999542
461,21.53461646,4.966131882,,24.72780031,4.795739208,,21.71024124,14.23107746,,24.78890825,14.40446641,,24.73847055,3.275162667,,21.65813699,2.311342278
462,19.86919974,4.751791389,,23.84974955,5.181944347,,19.91075378,12.99936853,,23.68525903,13.86502337,,23.80492087,3.35755087,,19.94475262,2.113062551
463,20.50134993,4.860425114,,23.91030471,5.000815947,,20.60914574,14.66229179,,23.9233835,14.19600598,,24.15169083,3.340683877,,20.4796276,2.185188145
464,19.46631078,4.491944625,,22.92752385,5.023721865,,19.64131824,13.20776417,,22.86955155,12.98951962,,23.2440786,3.357898828,,19.71399971,2.337864077
465,19.66555457,4.244092404,,22.75140796,4.494561138,,19.81999982,11.38358956,,22.85025458,11.88576745,,22.84009985,3.036461389,,20.11927044,1.862254619
466,20.65475431,4.74727828,,23.69777591,5.28201417,,20.35438443,11.65293236,,23.59351976,12.5308042,,23.68781318,3.129815889,,21.00787018,2.071948933
467,20.35880745,4.675364508,,23.08271557,5.03222969,,20.42098035,12.87583808,,23.05928642,13.16553982,,23.19958713,3.080907652,,20.49776323,2.141366606
468,20.80899045,4.514393052,,26.07381823,6.152809848,,20.75213783,12.21824894,,26.06599329,13.79182738,,26.03598299,3.988569938,,20.77959902,1.856024328
469,18.66164593,3.892652966,,21.71375641,4.21642287,,18.80122212,10.98584301,,21.66828101,10.38552684,,21.78697589,2.532843145,,18.79572424,1.212694218
470,18.56762116,3.985164658,,21.21002158,4.187624598,,18.61465579,10.03930364,,21.19159606,10.2884792,,21.24333134,2.350913859,,18.84326388,1.261988787
471,19.02563998,4.025564153,,21.95605643,4.277851269,,18.98775019,9.956401882,,21.93943312,10.55220718,,22.02409336,2.526179242,,19.14665059,1.257460901
472,19.38294863,4.228552375,,22.25302687,4.399570612,,19.38677878,11.16024673,,22.30587752,10.40382046,,22.40851816,2.658216834,,19.57402003,1.566498842
473,19.78079751,4.439272555,,23.48751193,5.011620864,,19.73722964,12.37271945,,23.53511216,13.5927503,,23.4868567,3.018627567,,19.83065332,1.585145757
474,19.37300905,4.178417275,,22.91560348,4.597254788,,19.45766325,11.44643395,,23.07974743,12.7657548,,23.11375012,2.852974014,,19.61266686,1.41981635
475,18.58349569,3.993408258,,21.26118087,4.340914962,,18.83563226,12.78482648,,21.2905584,11.41823791,,21.34826041,2.53083989,,18.76463676,1.261623027
476,19.84203587,4.23259379,,22.9957503,4.546330993,,19.83111436,10.71801339,,22.89572769,10.58050763,,23.16880678,2.899814275,,20.01756236,1.614449632
477,19.34946279,4.290493399,,23.6045639,4.740410927,,19.43518821,11.44749489,,23.66038242,12.09205184,,23.8254642,2.990892764,,19.51300758,1.607753095
478,19.30789712,4.245395665,,23.50040622,4.878684343,,19.19934811,11.39999198,,23.6251248,13.17287467,,23.67425778,2.983208753,,19.25655772,1.558333668
479,19.13173877,4.063556812,,23.37903858,4.686274863,,19.19547232,10.25909429,,23.47111543,12.18898975,,23.35067649,2.876904747,,19.20111542,1.320323964
480,17.92692321,3.752625722,,20.73538065,3.959841654,,17.9870304,10.34221888,,20.7537739,9.996520202,,20.65407945,2.287435916,,18.07798821,1.114491239
481,18.50843053,3.902374727,,22.32459809,4.392362388,,18.54070342,10.62489655,,22.48835373,11.44391111,,22.54069231,2.67702799,,18.57846419,1.305771252
482,21.57085503,5.116454844,,27.48166753,6.178124542,,21.69725809,14.44231845,,27.48947818,16.39682289,,27.5184149,4.139138257,,21.73093059,2.561269899
483,19.10926789,4.203820447,,22.52313477,4.458929588,,19.10713419,11.08345314,,22.64464327,12.31214333,,22.62307322,2.685440087,,19.09771617,1.46096462
484,18.80603298,4.053826479,,21.6876673,4.492450616,,18.87364288,11.8995937,,21.70177962,11.25647927,,21.76389137,2.521768879,,18.89968704,1.304606163
485,18.10854275,3.708464974,,21.75669963,4.049451357,,18.04211638,9.022198368,,21.78178506,10.8658928,,22.12192161,2.596154725,,18.26861786,1.075099877
486,18.46571605,3.933856983,,21.70202357,4.289228605,,18.41919143,11.01628797,,21.78757329,10.98063179,,21.94233225,2.519744604,,18.54731186,1.239734441
487,18.29098441,3.767787861,,21.012357,3.920060967,,18.36498431,10.31369703,,21.08585535,9.915696849,,21.33064936,2.48766502,,18.41005804,1.213595623
488,20.89973744,4.760078988,,23.18221127,4.802493649,,21.07125927,14.45008647,,23.29285606,12.17384967,,23.38733428,3.021171206,,21.04019026,2.060019697
489,18.22019194,3.69522404,,20.9176204,3.997099416,,18.38796326,10.15869897,,20.92345016,9.718428171,,21.04046735,2.346750542,,18.51453627,1.199692024
490,20.40955516,4.659259363,,25.48482264,5.373386525,,20.49600228,12.56912179,,25.58134091,14.05184176,,25.64715054,3.396853088,,20.58935221,1.879594915
491,20.64050449,4.693225856,,23.77389903,4.777542505,,20.81932214,13.02515164,,23.77961085,12.18782841,,23.9529527,3.156842292,,20.79104773,1.96721528
492,19.65570642,4.364512708,,24.34452284,4.944742206,,19.96317656,12.62864171,,23.99130696,12.07133421,,24.55349417,3.117727728,,20.03791902,1.666805114
493,18.58584014,3.919705848,,20.88493351,3.97027783,,18.70052332,10.84190726,,20.93094697,10.65118434,,20.97940375,2.370567488,,18.83295289,1.382057889
494,19.81721953,4.325433908,,23.28269763,4.737686773,,19.90888719,11.49601688,,23.04166916,10.68653827,,23.39058677,3.217497985,,19.93703653,1.734222554
495,20.74554736,4.934879856,,23.70255535,5.137619455,,20.87579654,13.91978706,,23.80117948,14.39377281,,23.74076356,3.341867399,,20.69757994,2.157130521
496,20.29576165,4.327456496,,23.34457034,4.690993265,,20.28988854,10.14233438,,23.37268664,11.51994427,,23.4766116,3.42087378,,20.74485289,1.974711505
497,19.23916569,4.335440464,,22.56542526,4.653492933,,19.44648546,12.77694672,,22.76716731,13.32498674,,22.5374743,2.972762717,,19.17843081,1.503520567
498,19.82736605,4.350706624,,23.05014018,4.712847326,,20.02383893,12.41273538,,23.16367244,11.54638878,,23.31454932,3.149365173,,19.94179474,1.693589702
499,20.75853485,4.793079461,,23.68572607,5.041789056,,20.86825656,12.82523605,,23.74918245,12.45923771,,23.8289454,3.313618571,,20.82271104,2.179782159
500,21.28255381,4.979191568,,24.11477692,5.077799926,,21.3500395,13.55692131,,24.11221745,13.79969888,,24.2468776,3.55977125,,21.31632772,2.41562671
501,21.54669563,5.166371786,,24.55114589,5.056569665,,21.48263309,14.32563616,,24.48849491,13.29354809,,24.65010492,3.648242653,,21.49724487,2.495245663
502,20.37109142,4.637638699,,23.12288422,4.739361304,,20.35780873,11.76394215,,23.26409882,12.6563835,,23.2943701,3.369498616,,20.39292317,2.179778939
503,19.66082463,4.463904218,,23.00296609,4.721687285,,19.7059488,12.28830281,,23.11303962,11.86411524,,23.09700636,3.285044031,,19.61756502,1.739858741
504,20.08714018,4.592378047,,23.4197954,4.86649557,,20.22897361,12.40184169,,23.48836872,13.03996416,,23.42152092,3.3005796,,20.14033851,1.99686639
505,20.55942528,4.742955736,,23.58213173,4.686409542,,20.55833214,13.49548796,,23.63173798,12.58183979,,23.78876163,3.317528106,,20.56269284,2.16599385
506,21.81673225,5.179929151,,24.25007602,4.786215015,,21.77841676,14.08483225,,24.50058939,13.94936743,,24.61968799,3.601870683,,21.74929981,2.370988157
507,20.58098882,4.733916484,,22.760971,4.734140689,,20.46824069,13.57924048,,22.79172397,13.60703788,,22.85052077,2.662367228,,20.61337602,2.204804882
508,20.12190759,4.570250989,,22.76153727,4.551485061,,20.26457313,13.80591069,,22.86321442,13.14558884,,22.86067097,3.071378618,,20.0336118,1.933192402
509,19.59274938,4.102176903,,22.34401347,4.203322144,,19.66448516,11.59087784,,22.32331177,11.15550908,,22.47171231,2.828212121,,19.77114977,1.818097883
510,20.61092065,4.54283337,,24.49726409,4.968258132,,20.86311593,13.06332229,,23.98064878,11.43026488,,24.49409546,3.560621994,,20.93887276,2.137540686
511,20.24321105,4.634569604,,22.52336294,4.455213401,,20.37092691,14.1317833,,22.57026014,13.21003202,,22.53534961,2.888798248,,20.33923812,2.133076556
512,21.08894085,4.526798444,,24.20906849,4.683106537,,21.06100932,10.38331311,,24.20906849,11.20465312,,24.20906849,3.468731869,,21.06100932,1.674309336
513,23.50859661,5.762867641,,26.3016525,5.391133639,,23.57624679,15.36840455,,26.26353996,14.90193352,,26.35056263,3.978970038,,23.46566937,3.26259308
514,20.77033524,4.820406611,,23.13187521,4.260349764,,20.94424682,14.41034057,,23.26446831,13.45970318,,23.18804089,3.266426006,,20.76803684,2.351577739
515,20.56685269,4.54444651,,23.05464873,4.263743604,,20.61035614,12.1752355,,22.98814267,10.58696883,,23.00655548,3.079138967,,20.80591668,2.122224824
516,22.16677647,5.359977177,,24.35268908,4.867592211,,22.12990906,15.17519703,,24.22357403,13.54687627,,24.3356447,3.343912878,,22.08767158,2.911668751
517,20.88457948,4.644009929,,23.70648949,4.553680297,,20.98341069,13.21054829,,23.64720052,12.08369446,,23.78187445,3.294260358,,21.07320196,2.160860309
518,20.49666198,4.558825994,,23.08575102,4.661495063,,20.48589211,11.8212272,,23.07610949,11.62079435,,23.20312528,3.874104956,,20.56243816,1.723854378
519,21.21891035,4.73459197,,23.78843783,4.849184713,,21.20919759,12.08387084,,23.69714595,12.60515663,,23.96151458,4.0084171,,21.55860769,2.206367692
520,20.09565958,4.554907594,,23.03053239,4.759104385,,20.24410617,13.4112262,,23.17844304,14.53920203,,23.0087001,4.170888461,,20.08980049,1.794183027
521,20.30437228,4.510266498,,23.15757755,4.598148111,,20.52707374,13.07226583,,23.28756679,13.909409,,23.23256871,4.093196133,,20.51045441,2.001493835
522,20.3764718,4.689580322,,23.04883295,4.755663724,,20.54148013,13.74621876,,23.26056126,14.31023922,,23.11135783,4.114820932,,20.3200433,1.855282165
523,19.90300668,4.48603002,,22.69263063,4.721713094,,20.05017611,13.30129293,,22.87869795,13.87965806,,22.81733947,3.910515238,,19.94487913,1.698190618
524,20.64160886,4.752369807,,23.29387262,4.744079498,,20.63370749,12.46050102,,23.49048257,13.95584018,,23.59286589,3.735447393,,20.72739322,2.10157206
525,19.72334835,4.218798797,,22.34885222,3.96395044,,19.80448047,11.08690146,,22.41396056,11.26033697,,22.53451023,3.188905751,,19.99261336,1.698030664
526,20.40335161,4.820454468,,23.01191947,4.407066817,,20.52947681,14.34611812,,23.22451667,14.83533036,,23.0602949,3.442420142,,20.31829184,1.963452059
527,21.24449193,4.978900108,,23.98905775,4.78994457,,21.32941726,14.5009004,,24.08855022,13.82107347,,24.20139535,3.564258595,,21.29194418,2.291143688
528,19.81109493,4.316654183,,22.40998645,4.123942602,,19.79583449,11.12262231,,22.5955337,11.59656127,,22.57386132,3.211454015,,20.0637563,1.826236469
